<modDesc descVersion="95">
	<author>Fetty42</author>
	<version>1.0.0.0</version>
	<title>
        <en>Placeable Overview</en>
    </title>
    <description>
        <de><![CDATA[Mit diesem MOD kann man sich schnell eine Übersicht aller Placeables (Bauernhäuser, Ställe, Silos, Produktionen, ...) anzeigen lassen. Die Eigenen werden gleich als erstes angezeigt. Man kann sich auch direkt zu einem Placeable teleportieren lassen.
Die folgenden Infos werden angezeigt:
- Name
- Besitzer
- Tägliche Unterhaltskosten
- Kategorie
- Beschreibung

Die Anzeige kann mit der Tastenkombination Shift + P aufgerufen werden.

Für Fehlermeldungen oder Anregungen besucht bitte: https://github.com/Fetty42/FS25_PlaceableOverview/issues oder https://forum.giants-software.com/viewtopic.php?t=208708]]></de>

		<en><![CDATA[With this MOD you can quickly get an overview of all placeables (farmhouses, stables, silos, productions, ...). Your own placeables are displayed first. You can also teleport directly to a placeable.
The following information is displayed:
- Name
- Owner
- Daily upkeep
- Category
- Description

The display can be called up with the key combination Shift + P.

For error messages or suggestions please visit: https://github.com/Fetty42/FS25_PlaceableOverview/issues or https://forum.giants-software.com/viewtopic.php?t=208708]]></en>

		<fr><![CDATA[Avec ce MOD, vous pouvez rapidement obtenir un aperçu de tous les placeables (fermes, écuries, silos, productions, ...). Vos propres placeables sont affichés en premier. Vous pouvez également vous téléporter directement vers un placeable.
Les informations suivantes sont affichées:
- Nom
- Propriétaire
- Entretien quotidien
- Catégorie
- Description

L'affichage peut être appelé avec la combinaison de touches Maj + P.

Pour les messages d'erreur ou les suggestions, veuillez visiter : https://github.com/Fetty42/FS25_PlaceableOverview/issues ou https://forum.giants-software.com/viewtopic.php?t=208708]]></fr>
    </description>
	
	<iconFilename>icon_PlaceableOverview.dds</iconFilename>
	<multiplayer supported="true" />
	<extraSourceFiles>
		<sourceFile filename="PlaceableOverview.lua" />
		<sourceFile filename="RegisterPlayerActionEvents.lua" />
	</extraSourceFiles>

    <actions>
      	<action name="SHOW_PLACEABLE_DLG" category="SYSTEM" />
  	</actions>	
  	<inputBinding>
      	<actionBinding action="SHOW_PLACEABLE_DLG">
        	<binding device="KB_MOUSE_DEFAULT" input="KEY_rshift KEY_p" />
      	</actionBinding>
  	</inputBinding>	
	<l10n>
		<text name="input_SHOW_PLACEABLE_DLG">
			<de>Placeable Übersicht</de>
			<en>Placeable Overview</en>
			<fr>Placeable Aperçu</fr>
		</text>

	<!-- Dlg -->
        <text name="ui_placeableDlg_title">
			<de>Placeables Übersicht</de>
			<en>Placeables Overview</en>
			<fr>Placeables Aperçu</fr>
		</text>
        <text name="ui_placeableDlg_btnClose">
			<de>Schließen</de>	
			<en>Close</en>
			<fr>Fermer</fr>
		</text>
        <text name="ui_placeableDlg_btnWarp">
			<de>Warp zum Standort</de>	
			<en>Warp to Location</en>
			<fr>Déplacement vers le lieu</fr>
		</text>

        <text name="ui_placeableDlg_name">
			<de>Name</de>	
			<en>Title</en>
			<fr></fr>
		</text>
        <text name="ui_placeableDlg_owner">
			<de>Besitzer</de>	
			<en>Owner</en>
			<fr>Prop.</fr>
		</text>
        <text name="ui_placeableDlg_daylyUpkeep">
			<de>Tgl. Unterh.</de>	
			<en>Daily Upkeep</en>
			<fr>Entr. quot.</fr>
		</text>
        <text name="ui_placeableDlg_storeCategoryName">
			<de>Kategorie</de>	
			<en>Category</en>
			<fr>Catégorie</fr>
		</text>
        <text name="ui_placeableDlg_storeFunctions">
			<de>Kommentar</de>	
			<en>Comment</en>
			<fr>Commentaire</fr>
		</text>

	<!-- Text -->
        <text name="ownerYou">
			<de>Dir</de>	
			<en>You</en>
			<fr>Vous</fr>
		</text>
        <text name="ownerUnknown">
			<de>Unbekannt</de>	
			<en>Unknown</en>
			<fr>Inconnu</fr>
		</text>
        <text name="ownerEveryone">
			<de>Jeder</de>	
			<en>Everyone</en>
			<fr>chacun</fr>
		</text>
        <text name="ownerNobody">
			<de>Niemand</de>	
			<en>Nobody</en>
			<fr>Personne</fr>
		</text>
	</l10n>
</modDesc>
